"","percent","PC"
"1",72.9624454132999,1
"2",22.8507617867018,2
"3",3.66892188928288,3
"4",0.517870910715481,4
