"","PC1","PC2","PC3","PC4","variable"
"Sepal.Length",0.52106591467012,-0.377417615564567,0.719566352700817,0.261286279952453,"Sepal.Length"
"Sepal.Width",-0.269347442505943,-0.923295659540715,-0.2443817795144,-0.123509619585519,"Sepal.Width"
"Petal.Length",0.580413095796294,-0.024491609085586,-0.142126369333904,-0.801449246335988,"Petal.Length"
"Petal.Width",0.564856535779361,-0.0669419869680583,-0.634272737110923,0.523597134566191,"Petal.Width"
